column_a,column_b,column_c,column_d
How often do you feel you make impulse purchases while shopping or after shopping?,1,2,Grand Total
1,0.75,0.25,1
2,0.631578947368421,0.3684210526315789,1
3,0.6111111111111112,0.3888888888888889,1
Grand Total,0.6666666666666666,0.3333333333333333,1
